{
    "tabla18": [{
            "horario": "12:00 hrs",
            "tema": "¿Qué es Ciudadanía Digital? Y cómo se resignificó durante la pandemia.",
            "participan": ["Romina Riviello <br> Fundadora y CEO Digital Family", "María de Lourdes García <br> Jefa de Unidad de Innovación Educativa  ILCE"],
            "transmitiendo": ["Canal YouTube ILCE", "https://www.youtube.com/watch?v=nNEWWqkdJHk"]
        },
        {
            "horario": "13:00 hrs",
            "tema": "Ciudadanía Digital desde la educación.",
            "participan": ["Alejandro Zamora Proyectos Educativos Fundación Telefónica", "Armando Cortés Planner de Aprendizaje continuo Digital Family"],
            "transmitiendo": ["Canal YouTube ILCE", "https://youtu.be/nNEWWqkdJHk"]
        },
        {
            "horario": "16:00 hrs",
            "tema": "Cyberbulling: estrategias y recursos",
            "participan": ["Sissy Cancino Directora de MODERS Aliada estratégica y Embajadora de CommonSense en México", "Cathy Calderon Psicóloga Especialista en Inteligencia socio-emocional Digital Family"],
            "transmitiendo": ["Canal YouTube Digital Family", "https://www.youtube.com/watch?v=1HKds9S579A"]
        },
        {
            "horario": "17:00 hrs",
            "tema": "Relación entre la comprensión lectora y el alfabetismo mediático e informacional.",
            "participan": ["Gema Jara Director and consultant for Educational Projects at the National and International Level CommonLit"],
            "transmitiendo": ["Canal YouTube Digital Family", "https://www.youtube.com/watch?v=58Pa_zXJ8g4"]
        },
        {
            "horario": "18:00 hrs",
            "tema": "Bienestar Digital: Tomando el control de su vida en línea",
            "participan": ["Marcela Momberg Educadora Digital/Conferencista Transformación Digital Aula", "Andrea Aceves Semilla Aprendizaje continuo Digital Family"],
            "transmitiendo": ["Canal YouTube Digital Family", "https://www.youtube.com/watch?v=wAbKfx8elYg"]
        }
    ],
    "tabla19": [{
            "horario": "12:00 hrs",
            "tema": "Crianza digital: desafíos y oportunidades",
            "participan": ["Mariela Reiman Directora Chicos.net", "Marcela Czarny Directora Chicos.net"],
            "transmitiendo": ["Canal YouTube ILCE", "https://youtu.be/ufaxrobc3No"]
        },
        {
            "horario": "13:00 hrs",
            "tema": "Huella digital de retos a oportunidades",
            "participan": ["Eugenia Tamez Hispanoamérica Digital Citizenship Institute", "Adolescente Digital", "Xochitl Castañeda DIrectora de Investigación, Desarrollo y Innovación Digital Family"],
            "transmitiendo": ["Canal YouTube ILCE", "https://youtu.be/ufaxrobc3No"]
        },
        {
            "horario": "16:00 hrs",
            "tema": "Acuerdos Familiares: Un compromiso de todos.",
            "participan": ["Gabriela Garza Directora del Departamento de Desarrollo y Tutoría TEC de Monterrey", " Xochitl Castañeda DIrectora de Investigación, Desarrollo y Innovación Digital Family"],
            "transmitiendo": ["Canal YouTube Digital Family", "https://www.youtube.com/watch?v=yE5spr06RxU"]
        },
        {
            "horario": "17:00 hrs",
            "tema": "La importancia de la Privacidad como prevención",
            "participan": ["Andrea Gastelum Maker Aprendizaje continuo Digital Family", "Policía Cibernética de la CDMX"],
            "transmitiendo": ["Canal YouTube Digital Family", "https://www.youtube.com/watch?v=o7MnrEoTt8k"]
        },
        {
            "horario": "Todo el día",
            "tema": "Los videojuegos y el bienestar pueden convivir en una familia digital.",
            "participan": ["Cesar Salcedo Maker Aprendizaje continuo Digital Family"],
            "transmitiendo": ["Twitter Todo el dia"]
        },
        {
            "horario": "18:00 hrs",
            "tema": "Construyendo una huella digital.",
            "participan": ["Luis Ramirez Maker Aprendizaje continuo Digital Family"],
            "transmitiendo": ["Canal YouTube Digital Family", "https://www.youtube.com/watch?v=JRRV_piJLQU"]
        }

    ],
    "tabla20": [{
            "horario": "12:00 hrs",
            "tema": "Impulsando la creatividad en mis hijos en casa y actividades extra curriculares.",
            "participan": ["Magdalena Pardo Especialistas en contenidos educativos de Historias para armar Chicos.net", "Alejandra Bresler Coordinadora del proyecto Historias para armar Chicos.net"],
            "transmitiendo": ["Canal YouTube ILCE", "https://youtu.be/i9HhFK5XF2Q"]
        },
        {
            "comment": {"horario": "13:00 hrs", "tema": "Cómo incentivar la participación social en estudiantes pequeños y preadolescentes como parte de la ciudadanía digital.", "participan": ["Eugenia Tamez Hispanoamérica Digital Citizenship Institute"], "transmitiendo": ["Canal YouTube ILCE","https://youtu.be/i9HhFK5XF2Q"]},
            "horario": "13:00 hrs",
            "tema": "Fortaleciendo la ciudadanía digital a través de acción.",
            "participan": ["Xochitl Castañeda Directora de Desarrollo, Investigación e Innovación  de Digital Family"],
            "transmitiendo": ["Canal YouTube ILCE", "https://youtu.be/i9HhFK5XF2Q"]
        },
        {
            "horario": "16:00 hrs",
            "tema": "Privacidad de datos y su relevancia en la educación",
            "participan": ["Rocio Ake IT Administrativo Digital Family", "Maker de Aprendizaje continuo Digital Family"],
            "transmitiendo": ["Canal YouTube Digital Family", "https://www.youtube.com/watch?v=KcZPG2msVM0"]
        },
        {
            "horario": "17:00 hrs",
            "tema": "AMI y Clic seguro",
            "participan": ["UNESCO"],
            "transmitiendo": ["Canal YouTube Digital Family", "https://www.youtube.com/watch?v=gj-hK2Nsv5Q"]
        },
        {
            "horario": "18:00 hrs",
            "tema": "¿Cómo es un Ciudadano Digital desde la adolescencia?",
            "participan": ["Andrea Gastelum Maker de Aprendizaje continuo DIgital Family", "Dulce Díaz Creadora de Contenido Pregúntale al Biólogo"],
            "transmitiendo": ["Canal YouTube Digital Family", "https://www.youtube.com/watch?v=TR_XVJ7Inac"]
        }
    ],
    "tabla21": [{
            "horario": "12:00 hrs",
            "tema": "Términos acuñados en la era digital: Clickbait e infoxicación.",
            "participan": ["Andrea Gastelum Maker de Aprendizaje continuo Digital Family", "María de Lourdes García Jefa de Unidad de Innovación Educativa ILCE"],
            "transmitiendo": ["Canal YouTube ILCE", "https://youtu.be/xEAC2ZtDjeM"]
        },
        {
            "horario": "13:00 hrs",
            "tema": "Abuelos Digitales el reto de acompañar e inspirar sin perderse en la ola de Internet",
            "participan": ["Paola Guzmán Investigadora académica de la Dirección de Contenidos Educativos y RedEscolar"],
            "transmitiendo": ["Canal YouTube ILCE", "https://youtu.be/xEAC2ZtDjeM"]
        },
        {
            "horario": "16:00 hrs",
            "tema": "La vida digital requiere mantenimiento digital",
            "participan": ["Rocio Ake IT Administrativo Digital Family", "Marta Vegas Líder de Sostenibilidad Telefónica Hispanoamérica"],
            "transmitiendo": ["Canal YouTube Digital Family", "https://www.youtube.com/watch?v=6sOV08yolUg"]
        },
        {
            "horario": "17:00 hrs",
            "tema": "Cómo accedemos, analizamos, evaluamos, producimos, comunicamos y actuamos a través de los medios digitales.",
            "participan": ["Martin Fernández Maker de aprendizaje continuo Digital Family", "Javier Lombardi Mentor Educativo Argentina Cibersegura"],
            "transmitiendo": ["Canal YouTube Digital Family", "https://www.youtube.com/watch?v=wIEeawqcNRE"]
        }
    ],
    "tabla22": [{
            "horario": "12:00 hrs",
            "tema": "\"Quiero ser youtuber (o influencer)\" ¿Qué conocemos en la escuela sobre el \"tema\"?",
            "participan": ["Ayax Valencia Director de Talento y Cultura Digital Family", "Eduardo Canto Investigador académico de la Dirección de Contenidos Educativos y RedEscolar"],
            "transmitiendo": ["Canal YouTube ILCE", "https://youtu.be/qDPuaGr85uA"]
        },
        {
            "horario": "13:00 hrs",
            "tema": "La participación social como parte de la huella digital.",
            "participan": ["Vianney Ávila Directora de Contenidos Educativos y RedEscolar"],
            "transmitiendo": ["Canal YouTube ILCE", "https://youtu.be/qDPuaGr85uA"]
        },
        {
            "horario": "16:00 hrs",
            "tema": "Redes docentes: beneficios y compromisos",
            "participan": ["Joseph Hernández Maker de Aprendizaje tecnológico Digital Family", "Gabriela Lozano Operaciones Educación para Compartir"],
            "transmitiendo": ["Canal YouTube Digital Family", "https://www.youtube.com/watch?v=ifG3RdrWS3I"]
        },
        {
            "horario": "17:00 hrs",
            "tema": "Consumo de contenidos audiovisuales (series, cines)",
            "participan": ["Francisco Diaz de León Director de Operaciones Digital Family"],
            "transmitiendo": ["Canal YouTube Digital Family", "https://www.youtube.com/watch?v=YBKMKovGujw"]
        },
        {
            "horario": "18:00 hrs",
            "tema": "Cierre Voces 2021",
            "participan": ["Romina Riviello <br> Fundadora y CEO Digital Family"],
            "transmitiendo": ["Canal Digital Family", "https://www.youtube.com/watch?v=rcg0mhuNYoc"]
        }
    ]
}